/*
TRUNCATE TABLE IF EXISTS `structural_variant`;
TRUNCATE TABLE IF EXISTS `clinical_event_data`;
TRUNCATE TABLE IF EXISTS `clinical_event`;
TRUNCATE TABLE IF EXISTS `copy_number_seg_file`;
TRUNCATE TABLE IF EXISTS `copy_number_seg`;
TRUNCATE TABLE IF EXISTS `sample_cna_event`;
TRUNCATE TABLE IF EXISTS `cna_event`;
TRUNCATE TABLE IF EXISTS `gistic_to_gene`;
TRUNCATE TABLE IF EXISTS `gistic`;
TRUNCATE TABLE IF EXISTS `mut_sig`;
TRUNCATE TABLE IF EXISTS `clinical_attribute_meta`;
TRUNCATE TABLE IF EXISTS `mutation`;
TRUNCATE TABLE IF EXISTS `mutation_event`;
TRUNCATE TABLE IF EXISTS `sample_profile`;
TRUNCATE TABLE IF EXISTS `gene_panel`;
TRUNCATE TABLE IF EXISTS `gene_panel_list`;
TRUNCATE TABLE IF EXISTS `genetic_profile_samples`;
TRUNCATE TABLE IF EXISTS `genetic_alteration`;
TRUNCATE TABLE IF EXISTS `genetic_profile`;
TRUNCATE TABLE IF EXISTS `gene_alias`;
TRUNCATE TABLE IF EXISTS `gene`;
TRUNCATE TABLE IF EXISTS `clinical_sample`;
TRUNCATE TABLE IF EXISTS `sample`;
TRUNCATE TABLE IF EXISTS `sample_list_list`;
TRUNCATE TABLE IF EXISTS `sample_list`;
TRUNCATE TABLE IF EXISTS `clinical_patient`;
TRUNCATE TABLE IF EXISTS `patient`;
TRUNCATE TABLE IF EXISTS `authorities`;
TRUNCATE TABLE IF EXISTS `users`;
TRUNCATE TABLE IF EXISTS `cancer_study`;
TRUNCATE TABLE IF EXISTS `type_of_cancer`;
TRUNCATE TABLE IF EXISTS `genetic_entity`;
*/

INSERT INTO `type_of_cancer` (`type_of_cancer_id`, `name`, `dedicated_color`, `short_name`, `parent`) VALUES ('acc','Adrenocortical Carcinoma','Purple','ACC','tissue');
INSERT INTO `type_of_cancer` (`type_of_cancer_id`, `name`, `dedicated_color`, `short_name`, `parent`) VALUES ('acbc','Adenoid Cystic Breast Cancer','HotPink','ACBC','tissue');
INSERT INTO `type_of_cancer` (`type_of_cancer_id`, `name`, `dedicated_color`, `short_name`, `parent`) VALUES ('acyc','Adenoid Cystic Carcinoma','DarkRed','ACyC','tissue');
INSERT INTO `type_of_cancer` (`type_of_cancer_id`, `name`, `dedicated_color`, `short_name`, `parent`) VALUES ('aeca','Sweat Gland Carcinoma (Apocrine Eccrine Carcinoma)','Black','AECA','tissue');
INSERT INTO `type_of_cancer` (`type_of_cancer_id`, `name`, `dedicated_color`, `short_name`, `parent`) VALUES ('afx','Atypical Fibroxanthoma','Black','AFX','tissue');
INSERT INTO `type_of_cancer` (`type_of_cancer_id`, `name`, `dedicated_color`, `short_name`, `parent`) VALUES ('all','Pediatric Acute Lymphoid Leukemia','LightSalmon','ALL','tissue');
INSERT INTO `type_of_cancer` (`type_of_cancer_id`, `name`, `dedicated_color`, `short_name`, `parent`) VALUES ('aml','Acute Monocytic Leukemia','LightSalmon','AML-M5','tissue');
INSERT INTO `type_of_cancer` (`type_of_cancer_id`, `name`, `dedicated_color`, `short_name`, `parent`) VALUES ('blad','Bladder Urothelial Adenocarcinoma','Yellow','Bladder','tissue');
INSERT INTO `type_of_cancer` (`type_of_cancer_id`, `name`, `dedicated_color`, `short_name`, `parent`) VALUES ('blca','Bladder Urothelial Carcinoma','Yellow','Bladder','tissue');
INSERT INTO `type_of_cancer` (`type_of_cancer_id`, `name`, `dedicated_color`, `short_name`, `parent`) VALUES ('bpdcn','Blastic Plasmacytoid Dendritic Cell Neoplasm','LightSalmon','BPDCN','tissue');
INSERT INTO `type_of_cancer` (`type_of_cancer_id`, `name`, `dedicated_color`, `short_name`, `parent`) VALUES ('brca','Breast Invasive Carcinoma','HotPink','Breast','tissue');

INSERT INTO `reference_genome` VALUES (1,'human','hg19','GRCh37',2897310462,'http://hgdownload.cse.ucsc.edu/goldenPath/hg19/bigZips','2009-02-01');
INSERT INTO `reference_genome` VALUES (2,'human','hg38','GRCh38',3049315783,'http://hgdownload.cse.ucsc.edu/goldenPath/hg38/bigZips','2013-12-01');

INSERT INTO `cancer_study` (`cancer_study_id`, `cancer_study_identifier`, `type_of_cancer_id`, `name`, `description`, `public`, `pmid`, `citation`, `groups`, `reference_genome_id`) VALUES (1,'study_tcga_pub','brca','Breast Invasive Carcinoma (TCGA,Nature 2012)','<a href=\"http://cancergenome.nih.gov/\">The Cancer Genome Atlas (TCGA)</a> Breast Invasive Carcinoma project. 825 cases.<br><i>Nature 2012.</i> <a href=\"http://tcga-data.nci.nih.gov/tcga/\">Raw data via the TCGA Data Portal</a>.',1,'23000897,26451490','TCGA,Nature 2012,...','SU2C-PI3K;PUBLIC;GDAC',1);

INSERT INTO `clinical_attribute_meta` VALUES ('DFS_MONTHS','Disease Free (Months)','Disease free in months since treatment','NUMBER',0,'1',1), ('DFS_STATUS','Disease Free Status','Disease free status','STRING',0,'1',1), ('OS_MONTHS','Overall Survival (Months)','Overall survival in months since diagnosis','NUMBER',0,'1',1), ('OS_STATUS','Overall Survival Status','Overall survival status','STRING',0,'1',1), ('SAMPLE_COUNT','Number of Samples Per Patient','Number of Samples Per Patient','STRING',1,'1',1), ('SUBTYPE','Subtype','Subtype description','STRING',0,'1',1);

INSERT INTO `genetic_entity` (`id`, `entity_type`) VALUES (1,'GENE');
INSERT INTO `gene` (`genetic_entity_id`, `entrez_gene_id`, `hugo_gene_symbol`, `type`) VALUES (1,207,'AKT1','protein-coding');
INSERT INTO `genetic_entity` (`id`, `entity_type`) VALUES (2,'GENE');
INSERT INTO `gene` (`genetic_entity_id`, `entrez_gene_id`, `hugo_gene_symbol`, `type`) VALUES (2,208,'AKT2','protein-coding');
INSERT INTO `genetic_entity` (`id`, `entity_type`) VALUES (3,'GENE');
INSERT INTO `gene` (`genetic_entity_id`, `entrez_gene_id`, `hugo_gene_symbol`, `type`) VALUES (3,10000,'AKT3','protein-coding');
INSERT INTO `genetic_entity` (`id`, `entity_type`) VALUES (4,'GENE');
INSERT INTO `gene` (`genetic_entity_id`, `entrez_gene_id`, `hugo_gene_symbol`, `type`) VALUES (4,369,'ARAF','protein-coding');
INSERT INTO `genetic_entity` (`id`, `entity_type`) VALUES (5,'GENE');
INSERT INTO `gene` (`genetic_entity_id`, `entrez_gene_id`, `hugo_gene_symbol`, `type`) VALUES (5,472,'ATM','protein-coding');
INSERT INTO `genetic_entity` (`id`, `entity_type`) VALUES (6,'GENE');
INSERT INTO `gene` (`genetic_entity_id`, `entrez_gene_id`, `hugo_gene_symbol`, `type`) VALUES (6,673,'BRAF','protein-coding');
INSERT INTO `genetic_entity` (`id`, `entity_type`) VALUES (7,'GENE');
INSERT INTO `gene` (`genetic_entity_id`, `entrez_gene_id`, `hugo_gene_symbol`, `type`) VALUES (7,672,'BRCA1','protein-coding');
INSERT INTO `genetic_entity` (`id`, `entity_type`) VALUES (8,'GENE');
INSERT INTO `gene` (`genetic_entity_id`, `entrez_gene_id`, `hugo_gene_symbol`, `type`) VALUES (8,675,'BRCA2','protein-coding');
INSERT INTO `genetic_entity` (`id`, `entity_type`) VALUES (9,'GENE');
INSERT INTO `gene` (`genetic_entity_id`, `entrez_gene_id`, `hugo_gene_symbol`, `type`) VALUES (9,3265,'HRAS','protein-coding');
INSERT INTO `genetic_entity` (`id`, `entity_type`) VALUES (10,'GENE');
INSERT INTO `gene` (`genetic_entity_id`, `entrez_gene_id`, `hugo_gene_symbol`, `type`) VALUES (10,3845,'KRAS','protein-coding');
INSERT INTO `genetic_entity` (`id`, `entity_type`) VALUES (11,'GENE');
INSERT INTO `gene` (`genetic_entity_id`, `entrez_gene_id`, `hugo_gene_symbol`, `type`) VALUES (11,4893,'NRAS','protein-coding');
INSERT INTO `genetic_entity` (`id`, `entity_type`) VALUES (12,'GENE');
INSERT INTO `gene` (`genetic_entity_id`, `entrez_gene_id`, `hugo_gene_symbol`, `type`) VALUES (12,51259,'TMEM216','protein-coding');
INSERT INTO `genetic_entity` (`id`, `entity_type`) VALUES (13,'GENE');
INSERT INTO `gene` (`genetic_entity_id`, `entrez_gene_id`, `hugo_gene_symbol`, `type`) VALUES (13,282770,'OR10AG1','protein-coding');
INSERT INTO `genetic_entity` (`id`, `entity_type`) VALUES (14,'GENE');
INSERT INTO `gene` (`genetic_entity_id`, `entrez_gene_id`, `hugo_gene_symbol`, `type`) VALUES (14,983,'CDK1','protein-coding');
INSERT INTO `genetic_entity` (`id`, `entity_type`) VALUES (15,'GENE');
INSERT INTO `gene` (`genetic_entity_id`, `entrez_gene_id`, `hugo_gene_symbol`, `type`) VALUES (15,8085,'KMT2D','protein-coding');
INSERT INTO `genetic_entity` (`id`, `entity_type`) VALUES (16,'GENE');
INSERT INTO `gene` (`genetic_entity_id`, `entrez_gene_id`, `hugo_gene_symbol`, `type`) VALUES (16,57670,'KIAA1549','protein-coding');
INSERT INTO `genetic_entity` (`id`, `entity_type`) VALUES (17,'GENE');
INSERT INTO `gene` (`genetic_entity_id`, `entrez_gene_id`, `hugo_gene_symbol`, `type`) VALUES (17,27436,'EML4','protein-coding');
INSERT INTO `genetic_entity` (`id`, `entity_type`) VALUES (18,'GENE');
INSERT INTO `gene` (`genetic_entity_id`, `entrez_gene_id`, `hugo_gene_symbol`, `type`) VALUES (18,238,'ALK','protein-coding');
INSERT INTO `genetic_entity` (`id`, `entity_type`) VALUES (19,'GENE');
INSERT INTO `gene` (`genetic_entity_id`, `entrez_gene_id`, `hugo_gene_symbol`, `type`) VALUES (19,2115,'ETV1','protein-coding');
INSERT INTO `genetic_entity` (`id`, `entity_type`) VALUES (20,'GENE');
INSERT INTO `gene` (`genetic_entity_id`, `entrez_gene_id`, `hugo_gene_symbol`, `type`) VALUES (20,7273,'TTN','protein-coding');
INSERT INTO `genetic_entity` (`id`, `entity_type`) VALUES (21,'GENE');
INSERT INTO `gene` (`genetic_entity_id`, `entrez_gene_id`, `hugo_gene_symbol`, `type`) VALUES (21,3983,'ABLIM1','protein-coding');
INSERT INTO `genetic_entity` (`id`, `entity_type`) VALUES (22,'GENE');
INSERT INTO `gene` (`genetic_entity_id`, `entrez_gene_id`, `hugo_gene_symbol`, `type`) VALUES (22,80070,'ADAMTS20','protein-coding');
INSERT INTO `genetic_entity` (`id`, `entity_type`) VALUES (23,'GENE');
INSERT INTO `gene` (`genetic_entity_id`, `entrez_gene_id`, `hugo_gene_symbol`, `type`) VALUES (23,253559,'CADM2','protein-coding');
INSERT INTO `genetic_entity` (`id`, `entity_type`) VALUES (24,'GENE');
INSERT INTO `gene` (`genetic_entity_id`, `entrez_gene_id`, `hugo_gene_symbol`, `type`) VALUES (24,1838,'DTNB','protein-coding');
INSERT INTO `genetic_entity` (`id`, `entity_type`) VALUES (25,'GENE');
INSERT INTO `gene` (`genetic_entity_id`, `entrez_gene_id`, `hugo_gene_symbol`, `type`) VALUES (25,2648,'KAT2A','protein-coding');
INSERT INTO `genetic_entity` (`id`, `entity_type`) VALUES (26,'GENE');
INSERT INTO `gene` (`genetic_entity_id`, `entrez_gene_id`, `hugo_gene_symbol`, `type`) VALUES (26,4437,'MSH3','protein-coding');
INSERT INTO `genetic_entity` (`id`, `entity_type`) VALUES (27,'GENE');
INSERT INTO `gene` (`genetic_entity_id`, `entrez_gene_id`, `hugo_gene_symbol`, `type`) VALUES (27,4602,'MYB','protein-coding');
INSERT INTO `genetic_entity` (`id`, `entity_type`) VALUES (28,'GENE');
INSERT INTO `gene` (`genetic_entity_id`, `entrez_gene_id`, `hugo_gene_symbol`, `type`) VALUES (28,440348,'NPIPB15','protein-coding');
INSERT INTO `genetic_entity` (`id`, `entity_type`) VALUES (29,'GENE');
INSERT INTO `gene` (`genetic_entity_id`, `entrez_gene_id`, `hugo_gene_symbol`, `type`) VALUES (29,56914,'OTOR','protein-coding');
INSERT INTO `genetic_entity` (`id`, `entity_type`) VALUES (30,'GENE');
INSERT INTO `gene` (`genetic_entity_id`, `entrez_gene_id`, `hugo_gene_symbol`, `type`) VALUES (30,27334,'P2RY10','protein-coding');
INSERT INTO `genetic_entity` (`id`, `entity_type`) VALUES (31,'GENE');
INSERT INTO `gene` (`genetic_entity_id`, `entrez_gene_id`, `hugo_gene_symbol`, `type`) VALUES (31,9780,'PIEZO1','protein-coding');
INSERT INTO `genetic_entity` (`id`, `entity_type`) VALUES (32,'GENE');
INSERT INTO `gene` (`genetic_entity_id`, `entrez_gene_id`, `hugo_gene_symbol`, `type`) VALUES (32,2261,'FGFR3','protein-coding');
INSERT INTO `genetic_entity` (`id`, `entity_type`) VALUES (33,'GENE');
INSERT INTO `gene` (`genetic_entity_id`, `entrez_gene_id`, `hugo_gene_symbol`, `type`) VALUES (33,116983,'ACAP3','protein-coding');
INSERT INTO `genetic_entity` (`id`, `entity_type`) VALUES (34,'GENE');
INSERT INTO `gene` (`genetic_entity_id`, `entrez_gene_id`, `hugo_gene_symbol`, `type`) VALUES (34,2073,'ERCC5','protein-coding');
INSERT INTO `genetic_entity` (`id`, `entity_type`) VALUES (35,'GENE');
INSERT INTO `gene` (`genetic_entity_id`, `entrez_gene_id`, `hugo_gene_symbol`, `type`) VALUES (35,219293,'ATAD3C','protein-coding');
INSERT INTO `genetic_entity` (`id`, `entity_type`) VALUES (36,'GENE');
INSERT INTO `gene` (`genetic_entity_id`, `entrez_gene_id`, `hugo_gene_symbol`, `type`) VALUES (36,375790,'AGRN','protein-coding');
INSERT INTO `genetic_entity` (`id`, `entity_type`) VALUES (37,'GENE');
INSERT INTO `gene` (`genetic_entity_id`, `entrez_gene_id`, `hugo_gene_symbol`, `type`) VALUES (37,54998,'AURKAIP1','protein-coding');
INSERT INTO `genetic_entity` (`id`, `entity_type`) VALUES (38,'GENE');
INSERT INTO `gene` (`genetic_entity_id`, `entrez_gene_id`, `hugo_gene_symbol`, `type`) VALUES (38,55210,'ATAD3A','protein-coding');
INSERT INTO `genetic_entity` (`id`, `entity_type`) VALUES (39,'GENE');
INSERT INTO `gene` (`genetic_entity_id`, `entrez_gene_id`, `hugo_gene_symbol`, `type`) VALUES (39,83858,'ATAD3B','protein-coding');
INSERT INTO `genetic_entity` (`id`, `entity_type`) VALUES (40,'GENE');
INSERT INTO `gene` (`genetic_entity_id`, `entrez_gene_id`, `hugo_gene_symbol`, `type`) VALUES (40,24145,'PANX1','protein-coding');
INSERT INTO `genetic_entity` (`id`, `entity_type`) VALUES (41,'GENE');
INSERT INTO `gene` (`genetic_entity_id`, `entrez_gene_id`, `hugo_gene_symbol`, `type`) VALUES (41,283234,'CCDC88B','protein-coding');
INSERT INTO `genetic_entity` (`id`, `entity_type`) VALUES (42,'GENE');
INSERT INTO `gene` (`genetic_entity_id`, `entrez_gene_id`, `hugo_gene_symbol`, `type`) VALUES (42,3232,'HOXD3','protein-coding');
INSERT INTO `genetic_entity` (`id`, `entity_type`) VALUES (43,'GENE');
INSERT INTO `gene` (`genetic_entity_id`, `entrez_gene_id`, `hugo_gene_symbol`, `type`) VALUES (43,3613,'IMPA2','protein-coding');
INSERT INTO `genetic_entity` (`id`, `entity_type`) VALUES (44,'GENE');
INSERT INTO `gene` (`genetic_entity_id`, `entrez_gene_id`, `hugo_gene_symbol`, `type`) VALUES (44,389,'RHOC','protein-coding');
INSERT INTO `genetic_entity` (`id`, `entity_type`) VALUES (45,'GENE');
INSERT INTO `gene` (`genetic_entity_id`, `entrez_gene_id`, `hugo_gene_symbol`, `type`) VALUES (45,487,'ATP2A1','protein-coding');
INSERT INTO `genetic_entity` (`id`, `entity_type`) VALUES (46,'GENE');
INSERT INTO `gene` (`genetic_entity_id`, `entrez_gene_id`, `hugo_gene_symbol`, `type`) VALUES (46,7871,'SLMAP','protein-coding');
INSERT INTO `genetic_entity` (`id`, `entity_type`) VALUES (47,'GENE');
INSERT INTO `gene` (`genetic_entity_id`, `entrez_gene_id`, `hugo_gene_symbol`, `type`) VALUES (47,8148,'TAF15','protein-coding');
INSERT INTO `genetic_entity` (`id`, `entity_type`) VALUES (48,'GENE');
INSERT INTO `gene` (`genetic_entity_id`, `entrez_gene_id`, `hugo_gene_symbol`, `type`) VALUES (48,55,'ACP3','protein-coding');
INSERT INTO `genetic_entity` (`id`, `entity_type`) VALUES (49,'GENE');
INSERT INTO `gene` (`genetic_entity_id`, `entrez_gene_id`, `hugo_gene_symbol`, `type`) VALUES (49,81061,'OR11H1','protein-coding');
INSERT INTO `genetic_entity` (`id`, `entity_type`) VALUES (50,'GENE');
INSERT INTO `gene` (`genetic_entity_id`, `entrez_gene_id`, `hugo_gene_symbol`, `type`) VALUES (50,388946,'TMEM247','protein-coding');
INSERT INTO `genetic_entity` (`id`, `entity_type`) VALUES (51,'GENE');
INSERT INTO `gene` (`genetic_entity_id`, `entrez_gene_id`, `hugo_gene_symbol`, `type`) VALUES (51,7157,'TP53','protein-coding');
INSERT INTO `genetic_entity` (`id`, `entity_type`, `stable_id`) VALUES (52,'GENERIC_ASSAY', 'Erlotinib');
INSERT INTO `genetic_entity` (`id`, `entity_type`, `stable_id`) VALUES (53,'GENERIC_ASSAY', 'Irinotecan');
INSERT INTO `genetic_entity` (`id`, `entity_type`, `stable_id`) VALUES (54,'GENERIC_ASSAY', 'L-685458');
INSERT INTO `genetic_entity` (`id`, `entity_type`, `stable_id`) VALUES (55,'GENERIC_ASSAY', 'Lapatinib');

INSERT INTO `cna_event` (`cna_event_id`, `entrez_gene_id`, `alteration`) VALUES (20093,207,-2);
INSERT INTO `cna_event` (`cna_event_id`, `entrez_gene_id`, `alteration`) VALUES (20092,207,2);
INSERT INTO `cna_event` (`cna_event_id`, `entrez_gene_id`, `alteration`) VALUES (26161,208,2);
INSERT INTO `cna_event` (`cna_event_id`, `entrez_gene_id`, `alteration`) VALUES (2774,10000,2);
INSERT INTO `cna_event` (`cna_event_id`, `entrez_gene_id`, `alteration`) VALUES (16668,472,-2);
INSERT INTO `cna_event` (`cna_event_id`, `entrez_gene_id`, `alteration`) VALUES (16669,472,2);
INSERT INTO `cna_event` (`cna_event_id`, `entrez_gene_id`, `alteration`) VALUES (11284,673,-2);
INSERT INTO `cna_event` (`cna_event_id`, `entrez_gene_id`, `alteration`) VALUES (11283,673,2);
INSERT INTO `cna_event` (`cna_event_id`, `entrez_gene_id`, `alteration`) VALUES (23934,672,-2);
INSERT INTO `cna_event` (`cna_event_id`, `entrez_gene_id`, `alteration`) VALUES (23933,672,2);
INSERT INTO `cna_event` (`cna_event_id`, `entrez_gene_id`, `alteration`) VALUES (18460,675,-2);
INSERT INTO `cna_event` (`cna_event_id`, `entrez_gene_id`, `alteration`) VALUES (18459,675,2);
INSERT INTO `cna_event` (`cna_event_id`, `entrez_gene_id`, `alteration`) VALUES (15117,3265,-2);
INSERT INTO `cna_event` (`cna_event_id`, `entrez_gene_id`, `alteration`) VALUES (15118,3265,2);
INSERT INTO `cna_event` (`cna_event_id`, `entrez_gene_id`, `alteration`) VALUES (17280,3845,2);
INSERT INTO `cna_event` (`cna_event_id`, `entrez_gene_id`, `alteration`) VALUES (1678,4893,-2);
INSERT INTO `cna_event` (`cna_event_id`, `entrez_gene_id`, `alteration`) VALUES (1677,4893,2);

INSERT INTO `gene_alias` (`entrez_gene_id`, `gene_alias`) VALUES (207,'AKT');
INSERT INTO `gene_alias` (`entrez_gene_id`, `gene_alias`) VALUES (207,'CWS6');
INSERT INTO `gene_alias` (`entrez_gene_id`, `gene_alias`) VALUES (208,'HIHGHH');
INSERT INTO `gene_alias` (`entrez_gene_id`, `gene_alias`) VALUES (208,'PKBB');
INSERT INTO `gene_alias` (`entrez_gene_id`, `gene_alias`) VALUES (10000,'MPPH');
INSERT INTO `gene_alias` (`entrez_gene_id`, `gene_alias`) VALUES (10000,'MPPH2');
INSERT INTO `gene_alias` (`entrez_gene_id`, `gene_alias`) VALUES (369,'A-RAF');
INSERT INTO `gene_alias` (`entrez_gene_id`, `gene_alias`) VALUES (369,'ARAF1');
INSERT INTO `gene_alias` (`entrez_gene_id`, `gene_alias`) VALUES (472,'AT1');
INSERT INTO `gene_alias` (`entrez_gene_id`, `gene_alias`) VALUES (472,'ATA');
INSERT INTO `gene_alias` (`entrez_gene_id`, `gene_alias`) VALUES (673,'B-RAF1');
INSERT INTO `gene_alias` (`entrez_gene_id`, `gene_alias`) VALUES (673,'BRAF1');
INSERT INTO `gene_alias` (`entrez_gene_id`, `gene_alias`) VALUES (672,'BRCAI');
INSERT INTO `gene_alias` (`entrez_gene_id`, `gene_alias`) VALUES (672,'BRCC1');
INSERT INTO `gene_alias` (`entrez_gene_id`, `gene_alias`) VALUES (675,'BRCC2');
INSERT INTO `gene_alias` (`entrez_gene_id`, `gene_alias`) VALUES (675,'BROVCA2');
INSERT INTO `gene_alias` (`entrez_gene_id`, `gene_alias`) VALUES (675,'FACD');
INSERT INTO `gene_alias` (`entrez_gene_id`, `gene_alias`) VALUES (3265,'C-BAS/HAS');
INSERT INTO `gene_alias` (`entrez_gene_id`, `gene_alias`) VALUES (3265,'C-H-RAS');
INSERT INTO `gene_alias` (`entrez_gene_id`, `gene_alias`) VALUES (3845,'C-K-RAS');
INSERT INTO `gene_alias` (`entrez_gene_id`, `gene_alias`) VALUES (3845,'KRAS1');
INSERT INTO `gene_alias` (`entrez_gene_id`, `gene_alias`) VALUES (3845,'KRAS2');
INSERT INTO `gene_alias` (`entrez_gene_id`, `gene_alias`) VALUES (4893,'N-ras');
INSERT INTO `gene_alias` (`entrez_gene_id`, `gene_alias`) VALUES (4893,'NCMS');
INSERT INTO `gene_alias` (`entrez_gene_id`, `gene_alias`) VALUES (56914,'FDP');
INSERT INTO `gene_alias` (`entrez_gene_id`, `gene_alias`) VALUES (56914,'MIAL1');
INSERT INTO `gene_alias` (`entrez_gene_id`, `gene_alias`) VALUES (253559,'IGSF4D');
INSERT INTO `gene_alias` (`entrez_gene_id`, `gene_alias`) VALUES (253559,'Necl-3');
INSERT INTO `gene_alias` (`entrez_gene_id`, `gene_alias`) VALUES (253559,'NECL3');
INSERT INTO `gene_alias` (`entrez_gene_id`, `gene_alias`) VALUES (253559,'SynCAM 2');
INSERT INTO `gene_alias` (`entrez_gene_id`, `gene_alias`) VALUES (253559,'synCAM2');
INSERT INTO `gene_alias` (`entrez_gene_id`, `gene_alias`) VALUES (4437,'MRP1');
INSERT INTO `gene_alias` (`entrez_gene_id`, `gene_alias`) VALUES (4437,'DUP');
INSERT INTO `gene_alias` (`entrez_gene_id`, `gene_alias`) VALUES (4437,'FAP4');
INSERT INTO `gene_alias` (`entrez_gene_id`, `gene_alias`) VALUES (27334,'P2Y10');
INSERT INTO `gene_alias` (`entrez_gene_id`, `gene_alias`) VALUES (27334,'LYPSR2');
INSERT INTO `gene_alias` (`entrez_gene_id`, `gene_alias`) VALUES (80070,'ADAM-TS20');
INSERT INTO `gene_alias` (`entrez_gene_id`, `gene_alias`) VALUES (80070,'GON-1');
INSERT INTO `gene_alias` (`entrez_gene_id`, `gene_alias`) VALUES (80070,'ADAMTS-20');
INSERT INTO `gene_alias` (`entrez_gene_id`, `gene_alias`) VALUES (2648,'hGCN5');
INSERT INTO `gene_alias` (`entrez_gene_id`, `gene_alias`) VALUES (2648,'GCN5');
INSERT INTO `gene_alias` (`entrez_gene_id`, `gene_alias`) VALUES (2648,'GCN5L2');
INSERT INTO `gene_alias` (`entrez_gene_id`, `gene_alias`) VALUES (2648,'PCAF-b');
INSERT INTO `gene_alias` (`entrez_gene_id`, `gene_alias`) VALUES (4602,'c-myb_CDS');
INSERT INTO `gene_alias` (`entrez_gene_id`, `gene_alias`) VALUES (4602,'Cmyb');
INSERT INTO `gene_alias` (`entrez_gene_id`, `gene_alias`) VALUES (4602,'c-myb');
INSERT INTO `gene_alias` (`entrez_gene_id`, `gene_alias`) VALUES (4602,'efg');
INSERT INTO `gene_alias` (`entrez_gene_id`, `gene_alias`) VALUES (440348,'A-761H5.4');
INSERT INTO `gene_alias` (`entrez_gene_id`, `gene_alias`) VALUES (440348,'NPIPL2');
INSERT INTO `gene_alias` (`entrez_gene_id`, `gene_alias`) VALUES (3983,'LIMAB1');
INSERT INTO `gene_alias` (`entrez_gene_id`, `gene_alias`) VALUES (3983,'abLIM-1');
INSERT INTO `gene_alias` (`entrez_gene_id`, `gene_alias`) VALUES (3983,'ABLIM');
INSERT INTO `gene_alias` (`entrez_gene_id`, `gene_alias`) VALUES (3983,'LIMATIN');
INSERT INTO `gene_alias` (`entrez_gene_id`, `gene_alias`) VALUES (9780,'FAM38A');
INSERT INTO `gene_alias` (`entrez_gene_id`, `gene_alias`) VALUES (9780,'Mib');
INSERT INTO `gene_alias` (`entrez_gene_id`, `gene_alias`) VALUES (9780,'LMPH3');
INSERT INTO `gene_alias` (`entrez_gene_id`, `gene_alias`) VALUES (9780,'DHS');
INSERT INTO `gene_alias` (`entrez_gene_id`, `gene_alias`) VALUES (2261,'JTK4');
INSERT INTO `gene_alias` (`entrez_gene_id`, `gene_alias`) VALUES (2261,'HSFGFR3EX');
INSERT INTO `gene_alias` (`entrez_gene_id`, `gene_alias`) VALUES (2261,'ACH');
INSERT INTO `gene_alias` (`entrez_gene_id`, `gene_alias`) VALUES (2261,'CEK2');
INSERT INTO `gene_alias` (`entrez_gene_id`, `gene_alias`) VALUES (2261,'CD333');

INSERT INTO reference_genome_gene (`entrez_gene_id`, `cytoband`, `start`, `end`, `chr`, `reference_genome_id`) VALUES(207,'14q32.33',105235686,105262088,14,1);
INSERT INTO reference_genome_gene (`entrez_gene_id`, `cytoband`, `start`, `end`, `chr`, `reference_genome_id`) VALUES(207,'14q32.33',104769349,104795751,14,2);
INSERT INTO reference_genome_gene (`entrez_gene_id`, `cytoband`, `start`, `end`, `chr`, `reference_genome_id`) VALUES(208,'19q13.2',40736224,40791443,19,1);
INSERT INTO reference_genome_gene (`entrez_gene_id`, `cytoband`, `start`, `end`, `chr`, `reference_genome_id`) VALUES(208,'19q13.2',40230317,40285536,19,2);
INSERT INTO reference_genome_gene (`entrez_gene_id`, `cytoband`, `start`, `end`, `chr`, `reference_genome_id`) VALUES(51259,'11q12.2',61159159,61166335,11,1);
INSERT INTO reference_genome_gene (`entrez_gene_id`, `cytoband`, `start`, `end`, `chr`, `reference_genome_id`) VALUES(51259,'11q12.2',61391687,61398863,11,2);
INSERT INTO reference_genome_gene (`entrez_gene_id`, `cytoband`, `start`, `end`, `chr`, `reference_genome_id`) VALUES(282770,'11q12.1',55734975,55735990,11,1);
INSERT INTO reference_genome_gene (`entrez_gene_id`, `cytoband`, `start`, `end`, `chr`, `reference_genome_id`) VALUES(282770,'11q12.1',55967558,55968463,11,2);

INSERT INTO `genetic_profile` (`genetic_profile_id`, `stable_id`, `cancer_study_id`, `genetic_alteration_type`, `datatype`, `name`, `description`, `show_profile_in_analysis_tab`) VALUES (2,'study_tcga_pub_gistic',1,'COPY_NUMBER_ALTERATION','DISCRETE','Putative copy-number alterations from GISTIC','Putative copy-number from GISTIC 2.0. Values: -2 = homozygous deletion; -1 = hemizygous deletion; 0 = neutral / no change; 1 = gain; 2 = high level amplification.','1');
INSERT INTO `genetic_profile` (`genetic_profile_id`, `stable_id`, `cancer_study_id`, `genetic_alteration_type`, `datatype`, `name`, `description`, `show_profile_in_analysis_tab`) VALUES (3,'study_tcga_pub_mrna',1,'MRNA_EXPRESSION','Z-SCORE','mRNA expression (microarray)','Expression levels (Agilent microarray).','0');
INSERT INTO `genetic_profile` (`genetic_profile_id`, `stable_id`, `cancer_study_id`, `genetic_alteration_type`, `datatype`, `name`, `description`, `show_profile_in_analysis_tab`) VALUES (4,'study_tcga_pub_log2CNA',1,'COPY_NUMBER_ALTERATION','LOG2-VALUE','Log2 copy-number values','Log2 copy-number values for each gene (from Affymetrix SNP6).','0');
INSERT INTO `genetic_profile` (`genetic_profile_id`, `stable_id`, `cancer_study_id`, `genetic_alteration_type`, `datatype`, `name`, `description`, `show_profile_in_analysis_tab`) VALUES (5,'study_tcga_pub_methylation_hm27',1,'METHYLATION','CONTINUOUS','Methylation (HM27)','Methylation beta-values (HM27 platform). For genes with multiple methylation probes,the probe least correlated with expression is selected.','0');
INSERT INTO `genetic_profile` (`genetic_profile_id`, `stable_id`, `cancer_study_id`, `genetic_alteration_type`, `datatype`, `name`, `description`, `show_profile_in_analysis_tab`) VALUES (6,'study_tcga_pub_mutations',1,'MUTATION_EXTENDED','MAF','Mutations','Mutation data from whole exome sequencing.','1');
INSERT INTO `genetic_profile` (`genetic_profile_id`, `stable_id`, `cancer_study_id`, `genetic_alteration_type`, `datatype`, `name`, `description`, `show_profile_in_analysis_tab`) VALUES (7,'study_tcga_pub_structural_variants',1,'STRUCTURAL_VARIANT','SV','Structural Variants','Structural Variants test data.','1');
INSERT INTO `genetic_profile` (`genetic_profile_id`, `stable_id`, `cancer_study_id`, `genetic_alteration_type`, `datatype`, `name`, `description`, `show_profile_in_analysis_tab`) VALUES (8,'study_tcga_pub_cna_long',1,'COPY_NUMBER_ALTERATION','DISCRETE_LONG','CNA values','CNA values dummy data','1');
INSERT INTO `genetic_profile` (`genetic_profile_id`, `stable_id`, `cancer_study_id`, `genetic_alteration_type`, `datatype`, `name`, `description`, `show_profile_in_analysis_tab`) VALUES (9,'study_tcga_pub_rppa',1,'PROTEIN_LEVEL','LOG2-VALUE','RPPA values','RPPA values dummy data','0');
INSERT INTO `genetic_profile` (`genetic_profile_id`, `stable_id`, `cancer_study_id`, `genetic_alteration_type`, `datatype`, `name`, `description`, `show_profile_in_analysis_tab`) VALUES (10,'study_tcga_pub_treatment_ic50',1,'GENERIC_ASSAY','LIMIT-VALUE','test treatment values','treatment values dummy data','0');
INSERT INTO `genetic_profile` (`genetic_profile_id`, `stable_id`, `cancer_study_id`, `genetic_alteration_type`, `datatype`, `name`, `description`, `show_profile_in_analysis_tab`) VALUES (11,'study_tcga_pub_gsva_scores',1,'GENESET_SCORE','GSVA-SCORE','test gsva score values','test gsva score description','0');
INSERT INTO `genetic_profile` (`genetic_profile_id`, `stable_id`, `cancer_study_id`, `genetic_alteration_type`, `datatype`, `name`, `description`, `show_profile_in_analysis_tab`) VALUES (12,'study_tcga_pub_gsva_pvalues',1,'GENESET_SCORE','P-VALUE','test gsva p-values','test gsva p-values description','0');

INSERT INTO gene_panel (`internal_id`, `stable_id`, `description`) VALUES (1,'TESTPANEL_CNA_DISCRETE_LONG_FORMAT','Some test panel');
INSERT INTO gene_panel (`internal_id`, `stable_id`, `description`) VALUES (2,'TSTGNPNLCNADS','The CNA Discrete test panel');
INSERT INTO gene_panel (`internal_id`, `stable_id`, `description`) VALUES (3,'TSTGNPNLMUTEXT','The mutation extended test panel');
INSERT INTO gene_panel (`internal_id`, `stable_id`, `description`) VALUES (4,'TSTGNPNLGENASS','The generic assay test panel');
INSERT INTO gene_panel (`internal_id`, `stable_id`, `description`) VALUES (5,'TSTGNPNLSV','The structural variance test panel');

INSERT INTO `genetic_alteration` (`genetic_profile_id`, `genetic_entity_id`, `values`) VALUES (2,3,'0,0,1,2,0,1,1,1,0,1,1,1,0,1,');
INSERT INTO `genetic_alteration` (`genetic_profile_id`, `genetic_entity_id`, `values`) VALUES (2,1,'0,0,0,0,0,0,0,0,-1,0,0,0,-1,0,');
INSERT INTO `genetic_alteration` (`genetic_profile_id`, `genetic_entity_id`, `values`) VALUES (2,2,'0,0,0,1,0,0,0,1,0,0,0,2,0,2,');
INSERT INTO `genetic_alteration` (`genetic_profile_id`, `genetic_entity_id`, `values`) VALUES (2,9,'0,0,0,0,0,0,1,0,0,0,0,-1,0,0,');
INSERT INTO `genetic_alteration` (`genetic_profile_id`, `genetic_entity_id`, `values`) VALUES (2,10,'0,0,0,1,0,0,-1,1,1,0,1,2,2,0,');
INSERT INTO `genetic_alteration` (`genetic_profile_id`, `genetic_entity_id`, `values`) VALUES (2,5,'0,-1,-1,0,0,-1,0,1,0,-1,-1,1,-1,-1,');
INSERT INTO `genetic_alteration` (`genetic_profile_id`, `genetic_entity_id`, `values`) VALUES (2,11,'0,-1,0,-1,0,0,0,0,-1,1,-1,0,0,0,');
INSERT INTO `genetic_alteration` (`genetic_profile_id`, `genetic_entity_id`, `values`) VALUES (2,7,'0,0,0,0,0,1,0,-1,0,-1,-1,0,-1,0,');
INSERT INTO `genetic_alteration` (`genetic_profile_id`, `genetic_entity_id`, `values`) VALUES (2,6,'0,0,0,1,0,0,0,0,0,0,-1,0,0,0,');
INSERT INTO `genetic_alteration` (`genetic_profile_id`, `genetic_entity_id`, `values`) VALUES (2,8,'0,-1,0,0,0,0,-1,0,1,0,-1,1,-1,-1,');
INSERT INTO `genetic_alteration` (`genetic_profile_id`, `genetic_entity_id`, `values`) VALUES (3,3,'-0.473833333333333,1.51866666666667,0.148333333333333,-0.187666666666667,0.914,-0.664333333333333,-1.70783333333333,0.976,');
INSERT INTO `genetic_alteration` (`genetic_profile_id`, `genetic_entity_id`, `values`) VALUES (3,1,'-1.102375,-0.24375,0.018625,-0.157,0.33075,1.008,0.68175,-0.664875,');
INSERT INTO `genetic_alteration` (`genetic_profile_id`, `genetic_entity_id`, `values`) VALUES (3,2,'-1.22235714285714,-0.592571428571429,-0.176642857142857,-0.310428571428571,-1.19892857142857,-0.670142857142857,0.0779285714285714,-0.302642857142857,');
INSERT INTO `genetic_alteration` (`genetic_profile_id`, `genetic_entity_id`, `values`) VALUES (3,9,'0.068,-0.062,-0.167833333333333,0.511666666666667,2.02066666666667,0.389166666666667,-0.724666666666666,0.9485,');
INSERT INTO `genetic_alteration` (`genetic_profile_id`, `genetic_entity_id`, `values`) VALUES (3,4,'-1.12475,-0.30675,0.1805,-0.59775,0.16625,0.402,0.243,-0.996,');
INSERT INTO `genetic_alteration` (`genetic_profile_id`, `genetic_entity_id`, `values`) VALUES (3,10,'-0.17075,0.4045,0.185333333333333,0.4285,1.67616666666667,0.238,0.469833333333333,2.15883333333333,');
INSERT INTO `genetic_alteration` (`genetic_profile_id`, `genetic_entity_id`, `values`) VALUES (3,5,'-1.50341666666667,-1.92183333333333,-1.75541666666667,-1.57325,-1.02958333333333,-1.39791666666667,-1.51483333333333,-2.07091666666667,');
INSERT INTO `genetic_alteration` (`genetic_profile_id`, `genetic_entity_id`, `values`) VALUES (3,11,'-1.91125,-2.0595,-1.22825,-1.319,-4.16675,-1.187875,0.280625,-0.13075,');
INSERT INTO `genetic_alteration` (`genetic_profile_id`, `genetic_entity_id`, `values`) VALUES (3,7,'-1.66108333333333,-1.38791666666667,-1.92483333333333,-1.65625,-0.35825,-1.99566666666667,-0.136416666666667,-0.70975,');
INSERT INTO `genetic_alteration` (`genetic_profile_id`, `genetic_entity_id`, `values`) VALUES (3,6,'0.2305,0.56,-0.10225,-0.0855,-0.012,0.138,0.141,0.6095,');
INSERT INTO `genetic_alteration` (`genetic_profile_id`, `genetic_entity_id`, `values`) VALUES (3,8,'-0.57075,-1.3405,-1.541,-0.40475,0.629,-1.2315,0.768,-0.033,');
INSERT INTO `genetic_alteration` (`genetic_profile_id`, `genetic_entity_id`, `values`) VALUES (4,3,'0.017,0.032,0.872,0.704,0.009,0.485,0.848,0.685,-0.270,1.054,0.658,0.455,0.256,0.628,');
INSERT INTO `genetic_alteration` (`genetic_profile_id`, `genetic_entity_id`, `values`) VALUES (4,1,'-0.005,-0.003,-0.022,0.072,-0.042,0.015,0.045,0.026,-0.441,-0.030,0.009,0.154,-0.348,0.011,');
INSERT INTO `genetic_alteration` (`genetic_profile_id`, `genetic_entity_id`, `values`) VALUES (4,2,'0.045,-0.048,0.043,0.324,-0.064,0.036,0.147,0.404,0.112,0.012,0.043,1.418,0.069,1.670,');
INSERT INTO `genetic_alteration` (`genetic_profile_id`, `genetic_entity_id`, `values`) VALUES (4,9,'0.003,-0.043,0.009,0.009,-0.043,0.031,0.411,-0.048,0.049,-0.030,0.056,-0.695,-0.022,-0.001,');
INSERT INTO `genetic_alteration` (`genetic_profile_id`, `genetic_entity_id`, `values`) VALUES (4,10,'-0.009,0.001,0.006,0.379,0.022,-0.010,-0.473,1.172,2.823,0.014,0.339,1.450,3.160,0.026,');
INSERT INTO `genetic_alteration` (`genetic_profile_id`, `genetic_entity_id`, `values`) VALUES (4,5,'-0.006,-0.500,-0.462,-0.013,-0.003,-0.448,0.135,0.522,0.211,-0.578,-0.350,0.655,-0.449,-0.668,');
INSERT INTO `genetic_alteration` (`genetic_profile_id`, `genetic_entity_id`, `values`) VALUES (4,11,'0.011,-0.420,0.014,-0.341,-0.019,0.020,0.032,-0.052,-0.453,0.455,-0.318,0.278,0.240,0.034,');
INSERT INTO `genetic_alteration` (`genetic_profile_id`, `genetic_entity_id`, `values`) VALUES (4,7,'0.044,-0.082,0.027,-0.003,-0.012,0.486,-0.300,-0.397,-0.284,-0.547,-0.301,0.218,-0.389,-0.011,');
INSERT INTO `genetic_alteration` (`genetic_profile_id`, `genetic_entity_id`, `values`) VALUES (4,6,'0.015,0.005,0.005,0.344,-0.011,0.171,0.140,-0.013,0.021,0.010,-0.385,-0.177,0.075,0.002,');
INSERT INTO `genetic_alteration` (`genetic_profile_id`, `genetic_entity_id`, `values`) VALUES (4,8,'-0.005,-0.502,-0.240,0.016,0.022,-0.029,-0.319,0.004,1.020,-0.024,-0.366,0.768,-0.397,-0.667,');
INSERT INTO `genetic_alteration` (`genetic_profile_id`, `genetic_entity_id`, `values`) VALUES (5,3,'0.841525757,');
INSERT INTO `genetic_alteration` (`genetic_profile_id`, `genetic_entity_id`, `values`) VALUES (5,1,'0.134488708,');
INSERT INTO `genetic_alteration` (`genetic_profile_id`, `genetic_entity_id`, `values`) VALUES (5,2,'0.072712077,');
INSERT INTO `genetic_alteration` (`genetic_profile_id`, `genetic_entity_id`, `values`) VALUES (5,9,'0.039372,');
INSERT INTO `genetic_alteration` (`genetic_profile_id`, `genetic_entity_id`, `values`) VALUES (5,4,'0.125441004,');
INSERT INTO `genetic_alteration` (`genetic_profile_id`, `genetic_entity_id`, `values`) VALUES (5,10,'0.049338479,');
INSERT INTO `genetic_alteration` (`genetic_profile_id`, `genetic_entity_id`, `values`) VALUES (5,5,'0.025402093,');
INSERT INTO `genetic_alteration` (`genetic_profile_id`, `genetic_entity_id`, `values`) VALUES (5,11,'0.105977072,');
INSERT INTO `genetic_alteration` (`genetic_profile_id`, `genetic_entity_id`, `values`) VALUES (5,7,'0.066638638,');
INSERT INTO `genetic_alteration` (`genetic_profile_id`, `genetic_entity_id`, `values`) VALUES (5,6,'0.020369562,');
INSERT INTO `genetic_alteration` (`genetic_profile_id`, `genetic_entity_id`, `values`) VALUES (5,8,'0.793930197,');
INSERT INTO `genetic_alteration` (`genetic_profile_id`, `genetic_entity_id`, `values`) VALUES (9,3,'-0.472,1.514,0.145,-0.183,0.913,-0.665,-1.700,0.976,');
INSERT INTO `genetic_alteration` (`genetic_profile_id`, `genetic_entity_id`, `values`) VALUES (9,1,'-1.102,-0.243,0.018,-0.154,0.330,1.005,0.681,-0.664,');
INSERT INTO `genetic_alteration` (`genetic_profile_id`, `genetic_entity_id`, `values`) VALUES (9,2,'-1.221,-0.592,-0.176,-0.310,-1.198,-0.670,0.077,-0.302,');
INSERT INTO `genetic_alteration` (`genetic_profile_id`, `genetic_entity_id`, `values`) VALUES (9,9,'0.061,-0.055,-0.165,0.517,2.021,0.381,-0.728,0.944,');
INSERT INTO `genetic_alteration` (`genetic_profile_id`, `genetic_entity_id`, `values`) VALUES (9,4,'-1.129,-0.306,0.180,-0.601,0.166,0.402,0.243,-0.999,');
INSERT INTO `genetic_alteration` (`genetic_profile_id`, `genetic_entity_id`, `values`) VALUES (9,10,'0.177,0.404,0.188,0.428,1.676,0.238,0.469,2.161,');
INSERT INTO `genetic_alteration` (`genetic_profile_id`, `genetic_entity_id`, `values`) VALUES (9,5,'-1.503,-1.925,-1.755,-1.576,-1.029,-1.401,-1.514,-2.074,');
INSERT INTO `genetic_alteration` (`genetic_profile_id`, `genetic_entity_id`, `values`) VALUES (9,11,'-1.914,-2.059,-1.228,-1.322,-4.166,-1.187,0.284,-0.130,');
INSERT INTO `genetic_alteration` (`genetic_profile_id`, `genetic_entity_id`, `values`) VALUES (9,7,'-1.661,-1.392,-1.924,-1.656,-0.361,-1.998,-0.136,-0.709,');
INSERT INTO `genetic_alteration` (`genetic_profile_id`, `genetic_entity_id`, `values`) VALUES (9,6,'0.233,0.561,-0.106,-0.085,-0.012,0.143,0.141,0.609,');
INSERT INTO `genetic_alteration` (`genetic_profile_id`, `genetic_entity_id`, `values`) VALUES (9,8,'-0.570,-1.340,-1.544,-0.404,0.632,-1.231,0.771,-0.036,');
INSERT INTO `genetic_alteration` (`genetic_profile_id`, `genetic_entity_id`, `values`) VALUES (10,52,'5.2,>8,');
INSERT INTO `genetic_alteration` (`genetic_profile_id`, `genetic_entity_id`, `values`) VALUES (10,53,'>8,7.1,');
INSERT INTO `genetic_alteration` (`genetic_profile_id`, `genetic_entity_id`, `values`) VALUES (10,54,'>4.6,7.2,');
INSERT INTO `genetic_alteration` (`genetic_profile_id`, `genetic_entity_id`, `values`) VALUES (10,55,'6.9,>~8,');
INSERT INTO `genetic_alteration` (`genetic_profile_id`, `genetic_entity_id`, `values`) VALUES (11,8,'0.1,');
INSERT INTO `genetic_alteration` (`genetic_profile_id`, `genetic_entity_id`, `values`) VALUES (12,8,'0.2,');

INSERT INTO `genetic_profile_samples` (`genetic_profile_id`, `ordered_sample_list`) VALUES (2,'1,2,3,4,5,6,7,8,9,10,11,12,13,14,');
INSERT INTO `genetic_profile_samples` (`genetic_profile_id`, `ordered_sample_list`) VALUES (3,'2,3,6,8,9,10,12,13,');
INSERT INTO `genetic_profile_samples` (`genetic_profile_id`, `ordered_sample_list`) VALUES (4,'1,2,3,4,5,6,7,8,9,10,11,12,13,14,');
INSERT INTO `genetic_profile_samples` (`genetic_profile_id`, `ordered_sample_list`) VALUES (5,'2,');
INSERT INTO `genetic_profile_samples` (`genetic_profile_id`, `ordered_sample_list`) VALUES (9,'2,3,6,8,9,10,12,13,');
INSERT INTO `genetic_profile_samples` (`genetic_profile_id`, `ordered_sample_list`) VALUES (10,'2,3,');
INSERT INTO `genetic_profile_samples` (`genetic_profile_id`, `ordered_sample_list`) VALUES (11,'22,');
INSERT INTO `genetic_profile_samples` (`genetic_profile_id`, `ordered_sample_list`) VALUES (12,'23,');

INSERT INTO `patient` (`internal_id`, `stable_id`, `cancer_study_id`) VALUES (1,'TCGA-A1-A0SB',1);
INSERT INTO `patient` (`internal_id`, `stable_id`, `cancer_study_id`) VALUES (2,'TCGA-A1-A0SD',1);
INSERT INTO `patient` (`internal_id`, `stable_id`, `cancer_study_id`) VALUES (3,'TCGA-A1-A0SE',1);
INSERT INTO `patient` (`internal_id`, `stable_id`, `cancer_study_id`) VALUES (4,'TCGA-A1-A0SF',1);
INSERT INTO `patient` (`internal_id`, `stable_id`, `cancer_study_id`) VALUES (5,'TCGA-A1-A0SG',1);
INSERT INTO `patient` (`internal_id`, `stable_id`, `cancer_study_id`) VALUES (6,'TCGA-A1-A0SH',1);
INSERT INTO `patient` (`internal_id`, `stable_id`, `cancer_study_id`) VALUES (7,'TCGA-A1-A0SI',1);
INSERT INTO `patient` (`internal_id`, `stable_id`, `cancer_study_id`) VALUES (8,'TCGA-A1-A0SJ',1);
INSERT INTO `patient` (`internal_id`, `stable_id`, `cancer_study_id`) VALUES (9,'TCGA-A1-A0SK',1);
INSERT INTO `patient` (`internal_id`, `stable_id`, `cancer_study_id`) VALUES (10,'TCGA-A1-A0SM',1);
INSERT INTO `patient` (`internal_id`, `stable_id`, `cancer_study_id`) VALUES (11,'TCGA-A1-A0SN',1);
INSERT INTO `patient` (`internal_id`, `stable_id`, `cancer_study_id`) VALUES (12,'TCGA-A1-A0SO',1);
INSERT INTO `patient` (`internal_id`, `stable_id`, `cancer_study_id`) VALUES (13,'TCGA-A1-A0SP',1);
INSERT INTO `patient` (`internal_id`, `stable_id`, `cancer_study_id`) VALUES (14,'TCGA-A1-A0SQ',1);
INSERT INTO `patient` (`internal_id`, `stable_id`, `cancer_study_id`) VALUES (15,'TCGA-XX-0800',1);
INSERT INTO `patient` (`internal_id`, `stable_id`, `cancer_study_id`) VALUES (16,'TCGA-XX-0900',1);
INSERT INTO `patient` (`internal_id`, `stable_id`, `cancer_study_id`) VALUES (17,'TCGA-AA-3664',1);
INSERT INTO `patient` (`internal_id`, `stable_id`, `cancer_study_id`) VALUES (18,'TCGA-AA-3665',1);
INSERT INTO `patient` (`internal_id`, `stable_id`, `cancer_study_id`) VALUES (19,'TCGA-A2-A04U',1);
INSERT INTO `patient` (`internal_id`, `stable_id`, `cancer_study_id`) VALUES (20,'TCGA-A1-A0SB',1);
INSERT INTO `patient` (`internal_id`, `stable_id`, `cancer_study_id`) VALUES (21,'TCGA-TEST-PATIENT-21',1);
INSERT INTO `patient` (`internal_id`, `stable_id`, `cancer_study_id`) VALUES (22,'TCGA-TEST-PATIENT-22',1);

INSERT INTO `sample` (`internal_id`, `stable_id`, `sample_type`, `patient_id`) VALUES (1,'TCGA-A1-A0SB-01','Primary Solid Tumor',1);
INSERT INTO `sample` (`internal_id`, `stable_id`, `sample_type`, `patient_id`) VALUES (2,'TCGA-A1-A0SD-01','Primary Solid Tumor',2);
INSERT INTO `sample` (`internal_id`, `stable_id`, `sample_type`, `patient_id`) VALUES (3,'TCGA-A1-A0SE-01','Primary Solid Tumor',3);
INSERT INTO `sample` (`internal_id`, `stable_id`, `sample_type`, `patient_id`) VALUES (4,'TCGA-A1-A0SF-01','Primary Solid Tumor',4);
INSERT INTO `sample` (`internal_id`, `stable_id`, `sample_type`, `patient_id`) VALUES (5,'TCGA-A1-A0SG-01','Primary Solid Tumor',5);
INSERT INTO `sample` (`internal_id`, `stable_id`, `sample_type`, `patient_id`) VALUES (6,'TCGA-A1-A0SH-01','Primary Solid Tumor',6);
INSERT INTO `sample` (`internal_id`, `stable_id`, `sample_type`, `patient_id`) VALUES (7,'TCGA-A1-A0SI-01','Primary Solid Tumor',7);
INSERT INTO `sample` (`internal_id`, `stable_id`, `sample_type`, `patient_id`) VALUES (8,'TCGA-A1-A0SJ-01','Primary Solid Tumor',8);
INSERT INTO `sample` (`internal_id`, `stable_id`, `sample_type`, `patient_id`) VALUES (9,'TCGA-A1-A0SK-01','Primary Solid Tumor',9);
INSERT INTO `sample` (`internal_id`, `stable_id`, `sample_type`, `patient_id`) VALUES (10,'TCGA-A1-A0SM-01','Primary Solid Tumor',10);
INSERT INTO `sample` (`internal_id`, `stable_id`, `sample_type`, `patient_id`) VALUES (11,'TCGA-A1-A0SN-01','Primary Solid Tumor',11);
INSERT INTO `sample` (`internal_id`, `stable_id`, `sample_type`, `patient_id`) VALUES (12,'TCGA-A1-A0SO-01','Primary Solid Tumor',12);
INSERT INTO `sample` (`internal_id`, `stable_id`, `sample_type`, `patient_id`) VALUES (13,'TCGA-A1-A0SP-01','Primary Solid Tumor',13);
INSERT INTO `sample` (`internal_id`, `stable_id`, `sample_type`, `patient_id`) VALUES (14,'TCGA-A1-A0SQ-01','Primary Solid Tumor',14);
INSERT INTO `sample` (`internal_id`, `stable_id`, `sample_type`, `patient_id`) VALUES (15,'TCGA-XX-0800-01','Primary Solid Tumor',15);
INSERT INTO `sample` (`internal_id`, `stable_id`, `sample_type`, `patient_id`) VALUES (16,'TCGA-XX-0900-01','Primary Solid Tumor',16);
INSERT INTO `sample` (`internal_id`, `stable_id`, `sample_type`, `patient_id`) VALUES (17,'TCGA-AA-3664-01','Primary Solid Tumor',17);
INSERT INTO `sample` (`internal_id`, `stable_id`, `sample_type`, `patient_id`) VALUES (18,'TCGA-AA-3665-01','Primary Solid Tumor',18);
INSERT INTO `sample` (`internal_id`, `stable_id`, `sample_type`, `patient_id`) VALUES (19,'TCGA-A1-A0SB-02','Primary Solid Tumor',1);
INSERT INTO `sample` (`internal_id`, `stable_id`, `sample_type`, `patient_id`) VALUES (20,'TCGA-A2-A04U-11','Solid Tissues Normal',19);
INSERT INTO `sample` (`internal_id`, `stable_id`, `sample_type`, `patient_id`) VALUES (21,'TCGA-A1-A0SB-11','Solid Tissues Normal',20);
INSERT INTO `sample` (`internal_id`, `stable_id`, `sample_type`, `patient_id`) VALUES (22,'TCGA-TEST-SAMPLE-22','Primary Solid Tumor',21);
INSERT INTO `sample` (`internal_id`, `stable_id`, `sample_type`, `patient_id`) VALUES (23,'TCGA-TEST-SAMPLE-23','Primary Solid Tumor',22);

INSERT INTO `mutation_event` (`mutation_event_id`, `entrez_gene_id`, `chr`, `start_position`, `end_position`, `reference_allele`, `tumor_seq_allele`, `protein_change`, `mutation_type`, `ncbi_build`, `strand`, `variant_type`, `db_snp_rs`, `db_snp_val_status`, `refseq_mrna_id`, `codon_change`, `uniprot_accession`, `protein_pos_start`, `protein_pos_end`, `canonical_transcript`, `keyword`) VALUES (2038,672,'17',41244748,41244748,'G','A','Q934*','Nonsense_Mutation','37','+','SNP','rs80357223','unknown','NM_007294','c.(2800-2802)CAG>TAG','P38398',934,934,1,'BRCA1 truncating');
INSERT INTO `mutation_event` (`mutation_event_id`, `entrez_gene_id`, `chr`, `start_position`, `end_position`, `reference_allele`, `tumor_seq_allele`, `protein_change`, `mutation_type`, `ncbi_build`, `strand`, `variant_type`, `db_snp_rs`, `db_snp_val_status`, `refseq_mrna_id`, `codon_change`, `uniprot_accession`, `protein_pos_start`, `protein_pos_end`, `canonical_transcript`, `keyword`) VALUES (22604,672,'17',41258504,41258504,'A','C','C61G','Missense_Mutation','37','+','SNP','rs28897672','byCluster','NM_007294','c.(181-183)TGT>GGT','P38398',61,61,1,'BRCA1 C61 missense');
INSERT INTO `mutation_event` (`mutation_event_id`, `entrez_gene_id`, `chr`, `start_position`, `end_position`, `reference_allele`, `tumor_seq_allele`, `protein_change`, `mutation_type`, `ncbi_build`, `strand`, `variant_type`, `db_snp_rs`, `db_snp_val_status`, `refseq_mrna_id`, `codon_change`, `uniprot_accession`, `protein_pos_start`, `protein_pos_end`, `canonical_transcript`, `keyword`) VALUES (2039,672,'17',41276033,41276033,'C','T','C27_splice','Splice_Site','37','+','SNP','rs80358010','byCluster','NM_007294','c.e2+1','NA',-1,-1,1,'BRCA1 truncating');

INSERT INTO `mutation` (`mutation_event_id`, `genetic_profile_id`, `sample_id`, `entrez_gene_id`, `center`, `sequencer`, `mutation_status`, `validation_status`, `tumor_seq_allele1`, `tumor_seq_allele2`, `matched_norm_sample_barcode`, `match_norm_seq_allele1`, `match_norm_seq_allele2`, `tumor_validation_allele1`, `tumor_validation_allele2`, `match_norm_validation_allele1`, `match_norm_validation_allele2`, `verification_status`, `sequencing_phase`, `sequence_source`, `validation_method`, `score`, `bam_file`, `tumor_alt_count`, `tumor_ref_count`, `normal_alt_count`, `normal_ref_count`) VALUES (2038,6,6,672,'genome.wustl.edu','IlluminaGAIIx','Germline','Unknown','G','A','TCGA-A1-A0SH-10A-03D-A099-09','G','A','NA','NA','NA','NA','Unknown','Phase_IV','Capture','NA','1','dbGAP',-1,-1,-1,-1);
INSERT INTO `mutation` (`mutation_event_id`, `genetic_profile_id`, `sample_id`, `entrez_gene_id`, `center`, `sequencer`, `mutation_status`, `validation_status`, `tumor_seq_allele1`, `tumor_seq_allele2`, `matched_norm_sample_barcode`, `match_norm_seq_allele1`, `match_norm_seq_allele2`, `tumor_validation_allele1`, `tumor_validation_allele2`, `match_norm_validation_allele1`, `match_norm_validation_allele2`, `verification_status`, `sequencing_phase`, `sequence_source`, `validation_method`, `score`, `bam_file`, `tumor_alt_count`, `tumor_ref_count`, `normal_alt_count`, `normal_ref_count`) VALUES (22604,6,6,672,'genome.wustl.edu','IlluminaGAIIx','Germline','Unknown','A','C','TCGA-A1-A0SH-10A-03D-A099-09','A','C','NA','NA','NA','NA','Unknown','Phase_IV','Capture','NA','1','dbGAP',-1,-1,-1,-1);
INSERT INTO `mutation` (`mutation_event_id`, `genetic_profile_id`, `sample_id`, `entrez_gene_id`, `center`, `sequencer`, `mutation_status`, `validation_status`, `tumor_seq_allele1`, `tumor_seq_allele2`, `matched_norm_sample_barcode`, `match_norm_seq_allele1`, `match_norm_seq_allele2`, `tumor_validation_allele1`, `tumor_validation_allele2`, `match_norm_validation_allele1`, `match_norm_validation_allele2`, `verification_status`, `sequencing_phase`, `sequence_source`, `validation_method`, `score`, `bam_file`, `tumor_alt_count`, `tumor_ref_count`, `normal_alt_count`, `normal_ref_count`) VALUES (2039,6,12,672,'genome.wustl.edu','IlluminaGAIIx','Germline','Unknown','T','T','TCGA-A1-A0SO-10A-03D-A099-09','T','T','NA','NA','NA','NA','Unknown','Phase_IV','Capture','NA','1','dbGAP',-1,-1,-1,-1);

INSERT INTO `sample_list` (`list_id`, `stable_id`, `category`, `cancer_study_id`, `name`, `description`) VALUES (1,'study_tcga_pub_all','other',1,'All Tumors','All tumor samples (14 samples)');
INSERT INTO `sample_list` (`list_id`, `stable_id`, `category`, `cancer_study_id`, `name`, `description`) VALUES (2,'study_tcga_pub_acgh','other',1,'Tumors aCGH','All tumors with aCGH data (778 samples)');
INSERT INTO `sample_list` (`list_id`, `stable_id`, `category`, `cancer_study_id`, `name`, `description`) VALUES (3,'study_tcga_pub_cnaseq','other',1,'Tumors with sequencing and aCGH data','All tumor samples that have CNA and sequencing data (482 samples)');
INSERT INTO `sample_list` (`list_id`, `stable_id`, `category`, `cancer_study_id`, `name`, `description`) VALUES (4,'study_tcga_pub_complete','other',1,'Complete samples (mutations,copy-number,expression)','Samples with complete data (463 samples)');
INSERT INTO `sample_list` (`list_id`, `stable_id`, `category`, `cancer_study_id`, `name`, `description`) VALUES (5,'study_tcga_pub_log2CNA','other',1,'Tumors log2 copy-number','All tumors with log2 copy-number data (778 samples)');
INSERT INTO `sample_list` (`list_id`, `stable_id`, `category`, `cancer_study_id`, `name`, `description`) VALUES (6,'study_tcga_pub_methylation_hm27','other',1,'Tumors with methylation data','All samples with methylation (HM27) data (311 samples)');
INSERT INTO `sample_list` (`list_id`, `stable_id`, `category`, `cancer_study_id`, `name`, `description`) VALUES (7,'study_tcga_pub_mrna','other',1,'Tumors with mRNA data (Agilent microarray)','All samples with mRNA expression data (526 samples)');
INSERT INTO `sample_list` (`list_id`, `stable_id`, `category`, `cancer_study_id`, `name`, `description`) VALUES (8,'study_tcga_pub_sequenced','other',1,'Sequenced Tumors','All sequenced samples (507 samples)');

INSERT INTO `sample_list_list` (`list_id`, `sample_id`) VALUES (1,1);
INSERT INTO `sample_list_list` (`list_id`, `sample_id`) VALUES (1,2);
INSERT INTO `sample_list_list` (`list_id`, `sample_id`) VALUES (1,3);
INSERT INTO `sample_list_list` (`list_id`, `sample_id`) VALUES (1,4);
INSERT INTO `sample_list_list` (`list_id`, `sample_id`) VALUES (1,5);
INSERT INTO `sample_list_list` (`list_id`, `sample_id`) VALUES (1,6);
INSERT INTO `sample_list_list` (`list_id`, `sample_id`) VALUES (1,7);
INSERT INTO `sample_list_list` (`list_id`, `sample_id`) VALUES (1,8);
INSERT INTO `sample_list_list` (`list_id`, `sample_id`) VALUES (1,9);
INSERT INTO `sample_list_list` (`list_id`, `sample_id`) VALUES (1,10);
INSERT INTO `sample_list_list` (`list_id`, `sample_id`) VALUES (1,11);
INSERT INTO `sample_list_list` (`list_id`, `sample_id`) VALUES (1,12);
INSERT INTO `sample_list_list` (`list_id`, `sample_id`) VALUES (1,13);
INSERT INTO `sample_list_list` (`list_id`, `sample_id`) VALUES (1,14);
INSERT INTO `sample_list_list` (`list_id`, `sample_id`) VALUES (2,1);
INSERT INTO `sample_list_list` (`list_id`, `sample_id`) VALUES (2,2);
INSERT INTO `sample_list_list` (`list_id`, `sample_id`) VALUES (2,3);
INSERT INTO `sample_list_list` (`list_id`, `sample_id`) VALUES (2,4);
INSERT INTO `sample_list_list` (`list_id`, `sample_id`) VALUES (2,5);
INSERT INTO `sample_list_list` (`list_id`, `sample_id`) VALUES (2,6);
INSERT INTO `sample_list_list` (`list_id`, `sample_id`) VALUES (2,7);
INSERT INTO `sample_list_list` (`list_id`, `sample_id`) VALUES (2,8);
INSERT INTO `sample_list_list` (`list_id`, `sample_id`) VALUES (2,9);
INSERT INTO `sample_list_list` (`list_id`, `sample_id`) VALUES (2,10);
INSERT INTO `sample_list_list` (`list_id`, `sample_id`) VALUES (2,11);
INSERT INTO `sample_list_list` (`list_id`, `sample_id`) VALUES (2,12);
INSERT INTO `sample_list_list` (`list_id`, `sample_id`) VALUES (2,13);
INSERT INTO `sample_list_list` (`list_id`, `sample_id`) VALUES (2,14);
INSERT INTO `sample_list_list` (`list_id`, `sample_id`) VALUES (3,2);
INSERT INTO `sample_list_list` (`list_id`, `sample_id`) VALUES (3,3);
INSERT INTO `sample_list_list` (`list_id`, `sample_id`) VALUES (3,6);
INSERT INTO `sample_list_list` (`list_id`, `sample_id`) VALUES (3,8);
INSERT INTO `sample_list_list` (`list_id`, `sample_id`) VALUES (3,9);
INSERT INTO `sample_list_list` (`list_id`, `sample_id`) VALUES (3,10);
INSERT INTO `sample_list_list` (`list_id`, `sample_id`) VALUES (3,12);
INSERT INTO `sample_list_list` (`list_id`, `sample_id`) VALUES (4,2);
INSERT INTO `sample_list_list` (`list_id`, `sample_id`) VALUES (4,3);
INSERT INTO `sample_list_list` (`list_id`, `sample_id`) VALUES (4,6);
INSERT INTO `sample_list_list` (`list_id`, `sample_id`) VALUES (4,8);
INSERT INTO `sample_list_list` (`list_id`, `sample_id`) VALUES (4,9);
INSERT INTO `sample_list_list` (`list_id`, `sample_id`) VALUES (4,10);
INSERT INTO `sample_list_list` (`list_id`, `sample_id`) VALUES (4,12);
INSERT INTO `sample_list_list` (`list_id`, `sample_id`) VALUES (5,1);
INSERT INTO `sample_list_list` (`list_id`, `sample_id`) VALUES (5,2);
INSERT INTO `sample_list_list` (`list_id`, `sample_id`) VALUES (5,3);
INSERT INTO `sample_list_list` (`list_id`, `sample_id`) VALUES (5,4);
INSERT INTO `sample_list_list` (`list_id`, `sample_id`) VALUES (5,5);
INSERT INTO `sample_list_list` (`list_id`, `sample_id`) VALUES (5,6);
INSERT INTO `sample_list_list` (`list_id`, `sample_id`) VALUES (5,7);
INSERT INTO `sample_list_list` (`list_id`, `sample_id`) VALUES (5,8);
INSERT INTO `sample_list_list` (`list_id`, `sample_id`) VALUES (5,9);
INSERT INTO `sample_list_list` (`list_id`, `sample_id`) VALUES (5,10);
INSERT INTO `sample_list_list` (`list_id`, `sample_id`) VALUES (5,11);
INSERT INTO `sample_list_list` (`list_id`, `sample_id`) VALUES (5,12);
INSERT INTO `sample_list_list` (`list_id`, `sample_id`) VALUES (5,13);
INSERT INTO `sample_list_list` (`list_id`, `sample_id`) VALUES (5,14);
INSERT INTO `sample_list_list` (`list_id`, `sample_id`) VALUES (6,2);
INSERT INTO `sample_list_list` (`list_id`, `sample_id`) VALUES (7,2);
INSERT INTO `sample_list_list` (`list_id`, `sample_id`) VALUES (7,3);
INSERT INTO `sample_list_list` (`list_id`, `sample_id`) VALUES (7,6);
INSERT INTO `sample_list_list` (`list_id`, `sample_id`) VALUES (7,8);
INSERT INTO `sample_list_list` (`list_id`, `sample_id`) VALUES (7,9);
INSERT INTO `sample_list_list` (`list_id`, `sample_id`) VALUES (7,10);
INSERT INTO `sample_list_list` (`list_id`, `sample_id`) VALUES (7,12);
INSERT INTO `sample_list_list` (`list_id`, `sample_id`) VALUES (7,13);
INSERT INTO `sample_list_list` (`list_id`, `sample_id`) VALUES (8,2);
INSERT INTO `sample_list_list` (`list_id`, `sample_id`) VALUES (8,3);
INSERT INTO `sample_list_list` (`list_id`, `sample_id`) VALUES (8,6);
INSERT INTO `sample_list_list` (`list_id`, `sample_id`) VALUES (8,8);
INSERT INTO `sample_list_list` (`list_id`, `sample_id`) VALUES (8,9);
INSERT INTO `sample_list_list` (`list_id`, `sample_id`) VALUES (8,10);
INSERT INTO `sample_list_list` (`list_id`, `sample_id`) VALUES (8,12);

INSERT INTO `sample_cna_event` (`cna_event_id`, `sample_id`, `genetic_profile_id`) VALUES (2774,4,2);
INSERT INTO `sample_cna_event` (`cna_event_id`, `sample_id`, `genetic_profile_id`) VALUES (17280,12,2);
INSERT INTO `sample_cna_event` (`cna_event_id`, `sample_id`, `genetic_profile_id`) VALUES (26161,12,2);
INSERT INTO `sample_cna_event` (`cna_event_id`, `sample_id`, `genetic_profile_id`) VALUES (17280,13,2);
INSERT INTO `sample_cna_event` (`cna_event_id`, `sample_id`, `genetic_profile_id`) VALUES (26161,14,2);

INSERT INTO `alteration_driver_annotation` (`alteration_event_id`, `genetic_profile_id`, `sample_id`, `driver_filter`, `driver_filter_annotation`, `driver_tiers_filter`, `driver_tiers_filter_annotation`) VALUES (2774,2,4,'Putative_Driver','Pathogenic','Tier 1','Highly Actionable');
INSERT INTO `alteration_driver_annotation` (`alteration_event_id`, `genetic_profile_id`, `sample_id`, `driver_filter`, `driver_filter_annotation`, `driver_tiers_filter`, `driver_tiers_filter_annotation`) VALUES (17280,2,12,'Putative_Driver','Pathogenic','Tier 1','Highly Actionable');
INSERT INTO `alteration_driver_annotation` (`alteration_event_id`, `genetic_profile_id`, `sample_id`, `driver_filter`, `driver_filter_annotation`, `driver_tiers_filter`, `driver_tiers_filter_annotation`) VALUES (26161,2,12,'Putative_Passenger','Pathogenic','Tier 2','Potentially Actionable');
INSERT INTO `alteration_driver_annotation` (`alteration_event_id`, `genetic_profile_id`, `sample_id`, `driver_filter`, `driver_filter_annotation`, `driver_tiers_filter`, `driver_tiers_filter_annotation`) VALUES (17280,2,13,'Putative_Passenger','Pathogenic','Tier 1','Highly Actionable');
INSERT INTO `alteration_driver_annotation` (`alteration_event_id`, `genetic_profile_id`, `sample_id`, `driver_filter`, `driver_filter_annotation`, `driver_tiers_filter`, `driver_tiers_filter_annotation`) VALUES (26161,2,14,'Putative_Driver','Pathogenic','Tier 2','Potentially Actionable');
INSERT INTO `alteration_driver_annotation` (`alteration_event_id`, `genetic_profile_id`, `sample_id`, `driver_filter`, `driver_filter_annotation`, `driver_tiers_filter`, `driver_tiers_filter_annotation`) VALUES (26161,6,6,'Putative_Driver','Pathogenic','Tier 1','Highly Actionable');
INSERT INTO `alteration_driver_annotation` (`alteration_event_id`, `genetic_profile_id`, `sample_id`, `driver_filter`, `driver_filter_annotation`, `driver_tiers_filter`, `driver_tiers_filter_annotation`) VALUES (22604,6,6,'Putative_Passenger','Pathogenic','Tier 2','Potentially Actionable');
INSERT INTO `alteration_driver_annotation` (`alteration_event_id`, `genetic_profile_id`, `sample_id`, `driver_filter`, `driver_filter_annotation`, `driver_tiers_filter`, `driver_tiers_filter_annotation`) VALUES (2039,6,12,'Putative_Passenger','Pathogenic','Tier 1','Highly Actionable');

INSERT INTO `sample_profile` (`sample_id`, `genetic_profile_id`, `panel_id`) VALUES (1,2,NULL);
INSERT INTO `sample_profile` (`sample_id`, `genetic_profile_id`, `panel_id`) VALUES (1,4,NULL);
INSERT INTO `sample_profile` (`sample_id`, `genetic_profile_id`, `panel_id`) VALUES (2,2,NULL);
INSERT INTO `sample_profile` (`sample_id`, `genetic_profile_id`, `panel_id`) VALUES (2,3,NULL);
INSERT INTO `sample_profile` (`sample_id`, `genetic_profile_id`, `panel_id`) VALUES (2,4,NULL);
INSERT INTO `sample_profile` (`sample_id`, `genetic_profile_id`, `panel_id`) VALUES (2,5,NULL);
INSERT INTO `sample_profile` (`sample_id`, `genetic_profile_id`, `panel_id`) VALUES (2,6,NULL);
INSERT INTO `sample_profile` (`sample_id`, `genetic_profile_id`, `panel_id`) VALUES (3,2,NULL);
INSERT INTO `sample_profile` (`sample_id`, `genetic_profile_id`, `panel_id`) VALUES (3,3,NULL);
INSERT INTO `sample_profile` (`sample_id`, `genetic_profile_id`, `panel_id`) VALUES (3,4,NULL);
INSERT INTO `sample_profile` (`sample_id`, `genetic_profile_id`, `panel_id`) VALUES (3,6,NULL);
INSERT INTO `sample_profile` (`sample_id`, `genetic_profile_id`, `panel_id`) VALUES (4,2,NULL);
INSERT INTO `sample_profile` (`sample_id`, `genetic_profile_id`, `panel_id`) VALUES (4,4,NULL);
INSERT INTO `sample_profile` (`sample_id`, `genetic_profile_id`, `panel_id`) VALUES (5,2,NULL);
INSERT INTO `sample_profile` (`sample_id`, `genetic_profile_id`, `panel_id`) VALUES (5,4,NULL);
INSERT INTO `sample_profile` (`sample_id`, `genetic_profile_id`, `panel_id`) VALUES (6,2,NULL);
INSERT INTO `sample_profile` (`sample_id`, `genetic_profile_id`, `panel_id`) VALUES (6,3,NULL);
INSERT INTO `sample_profile` (`sample_id`, `genetic_profile_id`, `panel_id`) VALUES (6,4,NULL);
INSERT INTO `sample_profile` (`sample_id`, `genetic_profile_id`, `panel_id`) VALUES (6,6,NULL);
INSERT INTO `sample_profile` (`sample_id`, `genetic_profile_id`, `panel_id`) VALUES (7,2,NULL);
INSERT INTO `sample_profile` (`sample_id`, `genetic_profile_id`, `panel_id`) VALUES (7,4,NULL);
INSERT INTO `sample_profile` (`sample_id`, `genetic_profile_id`, `panel_id`) VALUES (8,2,NULL);
INSERT INTO `sample_profile` (`sample_id`, `genetic_profile_id`, `panel_id`) VALUES (8,3,NULL);
INSERT INTO `sample_profile` (`sample_id`, `genetic_profile_id`, `panel_id`) VALUES (8,4,NULL);
INSERT INTO `sample_profile` (`sample_id`, `genetic_profile_id`, `panel_id`) VALUES (8,6,NULL);
INSERT INTO `sample_profile` (`sample_id`, `genetic_profile_id`, `panel_id`) VALUES (9,2,NULL);
INSERT INTO `sample_profile` (`sample_id`, `genetic_profile_id`, `panel_id`) VALUES (9,3,NULL);
INSERT INTO `sample_profile` (`sample_id`, `genetic_profile_id`, `panel_id`) VALUES (9,4,NULL);
INSERT INTO `sample_profile` (`sample_id`, `genetic_profile_id`, `panel_id`) VALUES (9,6,NULL);
INSERT INTO `sample_profile` (`sample_id`, `genetic_profile_id`, `panel_id`) VALUES (10,2,NULL);
INSERT INTO `sample_profile` (`sample_id`, `genetic_profile_id`, `panel_id`) VALUES (10,3,NULL);
INSERT INTO `sample_profile` (`sample_id`, `genetic_profile_id`, `panel_id`) VALUES (10,4,NULL);
INSERT INTO `sample_profile` (`sample_id`, `genetic_profile_id`, `panel_id`) VALUES (10,6,NULL);
INSERT INTO `sample_profile` (`sample_id`, `genetic_profile_id`, `panel_id`) VALUES (11,2,NULL);
INSERT INTO `sample_profile` (`sample_id`, `genetic_profile_id`, `panel_id`) VALUES (11,4,NULL);
INSERT INTO `sample_profile` (`sample_id`, `genetic_profile_id`, `panel_id`) VALUES (12,2,NULL);
INSERT INTO `sample_profile` (`sample_id`, `genetic_profile_id`, `panel_id`) VALUES (12,3,NULL);
INSERT INTO `sample_profile` (`sample_id`, `genetic_profile_id`, `panel_id`) VALUES (12,4,NULL);
INSERT INTO `sample_profile` (`sample_id`, `genetic_profile_id`, `panel_id`) VALUES (12,6,NULL);
INSERT INTO `sample_profile` (`sample_id`, `genetic_profile_id`, `panel_id`) VALUES (13,2,NULL);
INSERT INTO `sample_profile` (`sample_id`, `genetic_profile_id`, `panel_id`) VALUES (13,3,NULL);
INSERT INTO `sample_profile` (`sample_id`, `genetic_profile_id`, `panel_id`) VALUES (13,4,NULL);
INSERT INTO `sample_profile` (`sample_id`, `genetic_profile_id`, `panel_id`) VALUES (14,2,NULL);
INSERT INTO `sample_profile` (`sample_id`, `genetic_profile_id`, `panel_id`) VALUES (14,4,NULL);
INSERT INTO `sample_profile` (`sample_id`, `genetic_profile_id`, `panel_id`) VALUES (22,11,NULL);
INSERT INTO `sample_profile` (`sample_id`, `genetic_profile_id`, `panel_id`) VALUES (23,12,NULL);

INSERT INTO users (`email`, `name`, `enabled`) values ('jami@gmail.com','Jami Bax',1);
INSERT INTO users (`email`, `name`, `enabled`) values ('Lonnie@openid.org','Lonnie Penaloza',0);
INSERT INTO users (`email`, `name`, `enabled`) values ('Dhorak@yahoo.com','Darryl Horak',1);

INSERT INTO authorities (`email`, `authority`) values ('jami@gmail.com','ROLE_USER');
INSERT INTO authorities (`email`, `authority`) values ('Lonnie@openid.org','ROLE_USER');
INSERT INTO authorities (`email`, `authority`) values ('Dhorak@yahoo.com','ROLE_USER');
INSERT INTO authorities (`email`, `authority`) values ('Dhorak@yahoo.com','ROLE_MANAGER');

INSERT INTO `info` (`db_schema_version`, `geneset_version`, `derived_table_schema_version`)
VALUES ('2.14.5', NULL, '1.0.6');
